Date;Google trends;Cours;Nombre utilisateurs;Volume transaction;Recherches Youtube;Revenus des mineurs;News du bitcoin;USA unemployment;Gold price
25/05/2013;15;11.47526502;28.89182438;26.1523087;15;11.29227826;6;7.5;1385.25
26/05/2013;15;11.74558304;25.12585263;7.463332217;15;10.62192444;6;7.5;1385.25
27/05/2013;15;11.39045936;28.53059852;9.748091472;14.71428571;11.26473644;6;7.5;1385.25
28/05/2013;15;11.23498233;27.31818619;18.29814686;14.42857143;10.29106463;6;7.5;1379.0
29/05/2013;15;11.42844523;32.03429724;16.22538664;14.14285714;10.79748614;6;7.5;1384.5
30/05/2013;15;11.40547703;30.36410798;16.38639857;13.85714286;10.93307832;6;7.5;1406.25
31/05/2013;15;11.30300353;29.96733596;18.22730161;13.57142857;11.69056582;6;7.5;1410.25
01/06/2013;15;11.31625442;28.35671054;10.29821556;13.28571429;12.5959053;6;7.5;1410.25
02/06/2013;14.57142857;10.77208481;24.34287636;12.22220075;13;12.12310975;5;7.5;1410.25
03/06/2013;14.14285714;10.5229682;28.01469882;19.34697856;13.28571429;12.36735029;5;7.5;1396.75
04/06/2013;13.71428571;10.68021201;30.51109617;23.5681746;13.57142857;12.51998735;5;7.5;1405.25
05/06/2013;13.28571429;10.69876325;32.41281583;18.11019227;13.85714286;12.22293863;5;7.5;1396.5
06/06/2013;12.85714286;10.57685512;28.86828706;17.27024671;14.14285714;10.59650999;5;7.5;1399.5
07/06/2013;12.42857143;9.924911661;29.0633106;25.33297267;14.42857143;8.761362152;5;7.5;1410.0
08/06/2013;12;9.635159011;24.52396964;14.92108269;14.71428571;8.942350195;5;7.5;1410.0
09/06/2013;12;8.657243816;21.64569123;24.68881761;15;8.103010134;5;7.5;1410.0
10/06/2013;12;9.247349823;23.37976751;17.21324849;14.85714286;9.300274485;5;7.5;1376.75
11/06/2013;12;9.437279152;27.46133154;15.51693416;14.71428571;9.38525556;5;7.5;1369.5
12/06/2013;12;9.615724382;25.32519935;18.72300367;14.57142857;10.6590607;5;7.5;1377.25
13/06/2013;12;9.282685512;25.76856566;14.38190741;14.42857143;10.35824038;5;7.5;1386.25
14/06/2013;12;8.881625442;29.23191469;20.63518132;14.28571429;8.477050409;5;7.5;1379.75
15/06/2013;12;8.867491166;24.98222692;15.04087556;14.14285714;8.841317379;5;7.5;1379.75
16/06/2013;11.71428571;8.826855124;18.23181862;11.10391925;14;9.192264897;4;7.5;1379.75
17/06/2013;11.42857143;8.897526502;21.94879431;12.80388318;14;7.631698948;4;7.5;1386.0
18/06/2013;11.14285714;9.440812721;23.5214718;15.59958695;14;7.735249935;4;7.5;1378.5
19/06/2013;10.85714286;9.447879859;26.79315977;14.93943805;14;6.661000351;4;7.5;1366.0
20/06/2013;10.57142857;9.720848057;26.19367855;15.96079038;14;8.122035133;4;7.5;1303.25
21/06/2013;10.28571429;9.552120141;28.00220963;19.65955638;14;9.500627865;4;7.5;1290.25
22/06/2013;10;9.277385159;23.87741378;11.45782346;14;9.262536674;4;7.5;1290.25
23/06/2013;10.14285714;9.269434629;19.91641848;11.07375634;14;9.343055396;5;7.5;1290.25
24/06/2013;10.28571429;8.953180212;23.21356518;16.83207959;14;7.197350508;5;7.5;1283.25
25/06/2013;10.42857143;9.156360424;24.38754924;15.59969429;14;7.582950311;5;7.5;1285.0
26/06/2013;10.57142857;9.034452297;26.1879143;16.91967008;14;9.71761751;5;7.5;1229.0
27/06/2013;10.71428571;8.886042403;24.94764146;14.93353428;14;8.402218881;5;7.5;1232.0
28/06/2013;10.85714286;8.397526502;25.71044289;18.26980876;14;8.019953313;5;7.5;1203.25
29/06/2013;11;8.399293286;26.65914113;14.51876755;14;7.586055164;5;7.5;1203.25
30/06/2013;11.57142857;8.326855124;19.82467096;11.17433513;14;7.767375901;6;7.5;1203.25
01/07/2013;12.14285714;7.864840989;23.6362763;22.92509296;13.85714286;6.856841183;6;7.3;1243.5
02/07/2013;12.71428571;7.785335689;27.26919012;27.88350894;13.71428571;6.933224761;6;7.3;1260.75
03/07/2013;13.28571429;7.310070671;25.7671246;28.4696997;13.57142857;7.125787469;6;7.3;1246.0
04/07/2013;13.85714286;6.881625442;25.62542031;34.97694309;13.42857143;6.660206287;6;7.3;1249.5
05/07/2013;14.42857143;6.256183746;22.91238351;36.66391873;13.28571429;5.911519868;6;7.3;1232.75
06/07/2013;15;6.099823322;22.55596119;26.95565087;13.14285714;6.41105801;6;7.3;1232.75
07/07/2013;14.42857143;6.206713781;18.01613988;18.12382461;13;6.504540909;5;7.3;1232.75
08/07/2013;13.85714286;6.713780919;22.88740513;20.34578922;12.85714286;7.101979034;5;7.3;1225.5
09/07/2013;13.28571429;6.580388693;26.34547027;34.12583404;12.71428571;7.547256422;5;7.3;1252.0
10/07/2013;12.71428571;7.163427562;26.82053992;34.83535994;12.57142857;6.605206019;5;7.3;1252.25
11/07/2013;12.14285714;7.633392226;27.37438755;21.89772952;12.42857143;8.230749885;5;7.3;1280.75
12/07/2013;11.57142857;8.398409894;33.46286867;35.34995406;12.28571429;7.944637709;5;7.3;1275.0
13/07/2013;11;8.109540636;27.41473725;30.80394329;12.14285714;7.12832394;5;7.3;1275.0
14/07/2013;10.71428571;8.301236749;18.60889615;18.32616294;12;7.602446659;3;7.3;1275.0
15/07/2013;10.42857143;8.525618375;22.37919108;16.18373822;11.57142857;8.262416449;3;7.3;1281.25
16/07/2013;10.14285714;8.409893993;25.82428667;24.07815304;11.14285714;7.83686192;3;7.3;1286.0
17/07/2013;9.857142857;8.4204947;26.10961668;39.22390104;10.71428571;8.15180877;3;7.3;1284.25
18/07/2013;9.571428571;7.801236749;26.08704006;35.47489931;10.28571429;7.643822467;3;7.3;1279.75
19/07/2013;9.285714286;7.919611307;23.10500528;30.57455496;9.857142857;7.772452196;3;7.3;1286.0
20/07/2013;9;7.870141343;21.35507734;14.43879829;9.428571429;8.431259876;3;7.3;1286.0
21/07/2013;9.142857143;7.754416961;20.8891344;13.9484633;9;8.517987468;3;7.3;1286.0
22/07/2013;9.285714286;7.803003534;22.13565184;24.19762389;10;8.109155566;3;7.3;1313.75
23/07/2013;9.428571429;8.030035336;26.038044;33.14301723;11;6.815403453;3;7.3;1326.75
24/07/2013;9.571428571;8.045053004;26.18935537;25.3393058;12;7.102100409;3;7.3;1340.0
25/07/2013;9.714285714;8.250883392;24.96781631;19.59847919;13;6.502507354;3;7.3;1312.0
26/07/2013;9.857142857;8.227031802;26.87818234;21.85930134;14;8.423845525;3;7.3;1327.75
27/07/2013;10;8.190812721;20.53511384;15.64413358;15;7.730084199;3;7.3;1327.75
28/07/2013;10;8.554770318;18.03919685;11.07214622;16;8.597348009;3;7.3;1327.75
29/07/2013;10;8.613074205;26.12979153;19.30651089;15.71428571;8.253411897;3;7.3;1330.75
30/07/2013;10;8.847173145;26.69853012;18.36770401;15.42857143;9.283282912;3;7.3;1322.25
31/07/2013;10;9.229681979;33.40858872;28.59700647;15.14285714;10.29590067;3;7.3;1331.5
01/08/2013;10;8.962897527;39.56672111;25.55270028;14.85714286;9.479692012;3;7.2;1323.75
02/08/2013;10;8.951413428;40.72245172;17.48203107;14.57142857;9.877200017;3;7.2;1285.75
03/08/2013;10;8.855123675;25.60572581;22.579132;14.28571429;9.13386441;3;7.2;1285.75
04/08/2013;10;8.903710247;22.29464886;10.07151076;14;8.809907697;3;7.2;1285.75
05/08/2013;10;9.002650177;27.82399846;16.72581171;14.57142857;10.03631179;3;7.2;1311.0
06/08/2013;10;9.020318021;29.52637141;17.41032709;15.14285714;9.952448236;3;7.2;1292.0
07/08/2013;10;8.906360424;30.76568354;15.83391298;15.71428571;9.141613641;3;7.2;1275.5
08/08/2013;10;8.76590106;29.31069267;15.98354673;16.28571429;10.15346822;3;7.2;1287.75
09/08/2013;10;8.613957597;27.81439139;14.803866;16.85714286;10.48519096;3;7.2;1305.5
10/08/2013;10;8.568021201;25.24930349;11.91885428;17.42857143;10.03450953;3;7.2;1305.5
11/08/2013;10.42857143;8.866607774;20.98136228;12.64147581;18;10.92411191;5;7.2;1305.5
12/08/2013;10.85714286;9.014134276;33.90383322;23.79455737;17.71428571;11.79549204;5;7.2;1325.75
13/08/2013;11.28571429;9.029151943;36.12642905;27.80246627;17.42857143;10.12528952;5;7.2;1334.0
14/08/2013;11.71428571;9.559187279;29.1377654;20.25712531;17.14285714;7.60974126;5;7.2;1323.25
15/08/2013;12.14285714;9.300353357;31.91132674;20.42103546;16.85714286;8.141112991;5;7.2;1339.5
16/08/2013;12.57142857;9.18639576;33.36391584;17.21539532;16.57142857;8.364217506;5;7.2;1360.75
17/08/2013;13;9.466431095;28.12277836;11.90060626;16.28571429;9.044269432;4;7.2;1360.75
18/08/2013;13;9.633392226;20.55480834;10.68324875;16;9.61495236;4;7.2;1360.75
19/08/2013;13;9.974381625;31.466039;19.4942508;16;8.949719054;4;7.2;1375.25
20/08/2013;13;10.08303887;33.3653569;22.34716748;16;9.34031625;4;7.2;1365.75
21/08/2013;13;10.17667845;33.99029686;21.00626014;16;11.11795059;4;7.2;1360.0
22/08/2013;13;10.22084806;33.97876837;18.74951696;16;11.36056405;4;7.2;1370.5
23/08/2013;13;10.09893993;33.03103084;18.35589647;16;11.36266338;4;7.2;1374.5
24/08/2013;13;10.11660777;26.25084062;12.19375531;16;9.944991408;4;7.2;1374.5
25/08/2013;12.71428571;10.13162544;23.10740705;11.48991851;16;7.953429375;4;7.2;1374.5
26/08/2013;12.42857143;10.20583039;27.60639831;15.13018351;15.42857143;8.961746968;4;7.2;1374.5
27/08/2013;12.14285714;10.95759717;34.17763474;20.81454861;14.85714286;9.992084178;4;7.2;1411.0
28/08/2013;11.85714286;10.89399293;34.82274954;21.23328696;14.28571429;10.29530737;4;7.2;1425.5
29/08/2013;11.57142857;10.81537102;32.58910558;24.11733261;13.71428571;11.66001126;4;7.2;1406.25
30/08/2013;11.28571429;11.61484099;34.88759727;17.1071953;13.14285714;11.93191686;4;7.2;1392.75
31/08/2013;11;12.04063604;39.52829282;17.40195447;12.57142857;14.02639669;4;7.2;1392.75
01/09/2013;10.85714286;12.15282686;23.55941973;15.82350087;12;14.25194818;3;7.2;1392.75
02/09/2013;10.71428571;12.05123675;25.03506581;14.78207572;12;15.16076165;3;7.2;1391.25
03/09/2013;10.57142857;11.84187279;26.3027188;17.28752866;12;11.86640008;3;7.2;1391.25
04/09/2013;10.42857143;11.42137809;27.9921222;20.87455239;12;10.83297397;3;7.2;1403.75
05/09/2013;10.28571429;10.63162544;30.52262465;21.94678448;12;9.997596215;3;7.2;1391.75
06/09/2013;10.14285714;10.97349823;27.67797099;14.06503594;12;11.44402821;3;7.2;1368.25
07/09/2013;10;10.66696113;27.20482275;12.30903985;12;9.631072435;3;7.2;1368.25
08/09/2013;9.857142857;11.18286219;20.99721395;8.660831594;12;8.677485751;3;7.2;1368.25
09/09/2013;9.714285714;11.21378092;25.68642521;13.5426059;11.71428571;11.54229751;3;7.2;1386.0
10/09/2013;9.571428571;11.545053;26.49678163;16.02079415;11.42857143;11.27964417;3;7.2;1373.0
11/09/2013;9.428571429;11.88427562;28.18330291;15.11676585;11.14285714;12.24183004;3;7.2;1365.25
12/09/2013;9.285714286;11.97173145;31.36708618;15.94544057;10.85714286;13.11271116;3;7.2;1340.25
13/09/2013;9.142857143;11.40812721;28.73907196;14.6314759;10.57142857;13.2267398;3;7.2;1308.25
14/09/2013;9;11.53091873;23.39898165;11.55196177;10.28571429;13.16969226;3;7.2;1308.25
15/09/2013;9;11.60159011;20.61869536;8.463752995;10;11.27519109;3;7.2;1308.25
16/09/2013;9;11.66784452;25.12441157;13.45501541;10.28571429;10.47592014;3;7.2;1314.75
17/09/2013;9;11.5909894;29.3289461;14.78926759;10.57142857;11.25453311;3;7.2;1317.25
18/09/2013;9;11.47659011;31.48141032;17.27539909;10.85714286;10.13892631;3;7.2;1299.75
19/09/2013;9;11.36219081;31.89451436;23.58277301;11.14285714;12.09147476;3;7.2;1363.5
20/09/2013;9;11.32862191;31.3699683;16.03270904;11.42857143;11.77451749;3;7.2;1355.25
21/09/2013;9;11.35600707;28.22461332;11.86979931;11.71428571;11.34520707;3;7.2;1355.25
22/09/2013;9;11.31272085;25.9357287;12.74420142;12;12.42112728;3;7.2;1355.25
23/09/2013;9;11.15812721;29.79969257;17.30298581;12.42857143;13.36853557;3;7.2;1321.75
24/09/2013;9;11.32332155;31.62887885;23.07537076;12.85714286;12.11204089;3;7.2;1316.5
25/09/2013;9;11.37367491;31.96224421;19.26228628;13.28571429;13.05536894;3;7.2;1320.25
26/09/2013;9;11.61219081;30.33768854;17.14959511;13.71428571;10.41411994;3;7.2;1332.5
27/09/2013;9;11.77738516;31.9406283;17.55888743;14.14285714;11.00060852;3;7.2;1321.5
28/09/2013;9;12.24116608;29.02968585;14.54109454;14.57142857;10.63447732;3;7.2;1321.5
29/09/2013;10.14285714;11.84540636;26.2210587;15.59540064;15;10.56121474;6;7.2;1321.5
30/09/2013;11.28571429;11.82773852;29.65414545;15.23215773;14.85714286;10.14296864;6;7.2;1335.75
01/10/2013;12.42857143;11.75176678;33.61273898;23.96641077;14.71428571;12.26055381;6;7.2;1332.25
02/10/2013;13.57142857;10.60600707;37.26150447;31.07057904;14.57142857;8.900887296;6;7.2;1293.75
03/10/2013;14.71428571;11.42667845;34.93130944;36.09479524;14.42857143;11.97530908;6;7.2;1309.0
04/10/2013;15.85714286;11.35600707;31.07791334;16.65078016;14.28571429;10.6876885;6;7.2;1316.0
05/10/2013;17;11.35070671;26.76049572;10.6019914;14.14285714;12.58708147;6;7.2;1316.0
06/10/2013;16.28571429;11.31713781;23.43308675;10.15523697;14;12.04987116;4;7.2;1316.0
07/10/2013;15.57142857;11.12279152;28.17369584;19.23276743;14.42857143;9.31586803;4;7.2;1311.0
08/10/2013;14.85714286;11.57155477;29.04938034;14.24332981;14.85714286;9.476737356;4;7.2;1321.0
09/10/2013;14.14285714;11.47526502;33.2082813;19.23223072;15.28571429;11.33337476;4;7.2;1309.5
10/10/2013;13.42857143;11.51766784;31.32673648;16.96690024;15.71428571;12.11590383;4;7.2;1298.0
11/10/2013;12.71428571;11.93639576;32.65155154;16.94231909;16.14285714;11.03733302;4;7.2;1285.75
12/10/2013;12;12.10954064;28.17225478;14.30526573;16.57142857;12.35339979;4;7.2;1285.75
13/10/2013;11.85714286;12.32420495;27.46661543;10.884621;17;14.59317857;5;7.2;1285.75
14/10/2013;11.71428571;12.76236749;35.89249688;18.70872728;16.71428571;17.16626275;5;7.2;1276.0
15/10/2013;11.57142857;12.68904594;33.70688827;19.40354741;16.42857143;16.99500171;5;7.2;1255.5
16/10/2013;11.42857143;12.88957597;35.81612066;22.13269959;16.14285714;15.27403326;5;7.2;1278.25
17/10/2013;11.28571429;13.6934629;32.95561533;19.17254897;15.85714286;12.64310875;5;7.2;1308.5
18/10/2013;11.14285714;14.91696113;33.39369776;16.65496647;15.57142857;12.85975777;5;7.2;1317.0
19/10/2013;11;15.25883392;36.24603708;21.15031215;15.28571429;17.77142878;5;7.2;1317.0
20/10/2013;11.42857143;16.1130742;30.75703718;13.12107668;15;17.5737222;7;7.2;1317.0
21/10/2013;11.85714286;16.90194346;35.22960899;18.76851637;17.42857143;17.51203202;7;7.2;1316.0
22/10/2013;12.28571429;18.50265018;42.92247094;36.74721557;19.85714286;23.48274828;7;7.2;1311.75
23/10/2013;12.71428571;17.19257951;41.87674128;25.99677117;22.28571429;20.75166405;7;7.2;1333.0
24/10/2013;13.14285714;15.99823322;42.56172543;26.91733004;24.71428571;20.17732864;7;7.2;1336.25
25/10/2013;13.57142857;15.57332155;39.75886252;36.74195584;27.14285714;20.41701421;7;7.2;1341.75
26/10/2013;14;17.09540636;32.30329523;21.76709517;29.57142857;17.65723639;7;7.2;1341.75
27/10/2013;16.85714286;17.38471731;26.13987895;11.56130046;32;16.51069011;9;7.2;1341.75
28/10/2013;19.71428571;17.67402827;30.63983092;12.60068613;33;17.32651066;9;7.2;1351.0
29/10/2013;22.57142857;17.88339223;33.75684504;29.99115508;34;15.60296275;9;7.2;1346.75
30/10/2013;25.42857143;17.73763251;37.23700644;17.89218212;35;19.62618553;9;7.2;1349.5
31/10/2013;28.28571429;18.01590106;37.26486694;15.98043383;36;20.70332063;9;7.2;1333.75
01/11/2013;31.14285714;18.2614841;35.03986934;16.1230904;37;19.00405796;9;7.0;1314.75
02/11/2013;34;18.18286219;33.23854357;13.29293007;38;21.73410201;9;7.0;1314.75
03/11/2013;33.85714286;19.04770318;30.41070228;11.86582769;39;19.90346949;16;7.0;1314.75
04/11/2013;33.71428571;20.3869258;37.03717936;21.08912762;38.71428571;22.2885398;16;7.0;1314.25
05/11/2013;33.57142857;22.56537102;44.89480257;38.07610068;38.42857143;20.70935032;16;7.0;1311.25
06/11/2013;33.42857143;25.41607774;48.81881064;27.56116306;38.14285714;21.0324383;16;7.0;1317.0
07/11/2013;33.28571429;27.62720848;50.02497838;30.78773476;37.85714286;22.66083708;16;7.0;1316.0
08/11/2013;33.14285714;30.61130742;51.84455759;34.80240616;37.57142857;21.84037351;16;7.0;1309.0
09/11/2013;33;28.7835689;52.09962532;31.44756164;37.28571429;25.56183146;16;7.0;1309.0
10/11/2013;33.42857143;29.26678445;47.01988664;24.20213223;37;24.6702357;17;7.0;1309.0
11/11/2013;33.85714286;31.33038869;41.57123643;19.15032932;42.28571429;32.74195374;17;7.0;1283.75
12/11/2013;34.28571429;32.76501767;45.99241041;24.41906896;47.57142857;32.81960512;17;7.0;1281.0
13/11/2013;34.71428571;36.80918728;48.07858584;23.85563456;52.85714286;36.15364996;17;7.0;1276.0
14/11/2013;35.14285714;37.1704947;54.28955711;29.9379138;58.14285714;34.57440634;17;7.0;1283.25
15/11/2013;35.57142857;38.13515901;46.79364012;24.52984517;63.42857143;34.25186259;17;7.0;1281.75
16/11/2013;36;41.5;46.64040734;23.93195421;68.71428571;41.63877037;17;7.0;1281.75
17/11/2013;42.57142857;48.43286219;41.50782976;18.44112545;74;43.79066805;43;7.0;1281.75
18/11/2013;49.14285714;60.57862191;62.87539629;33.71203339;77.71428571;47.00747223;43;7.0;1283.5
19/11/2013;55.71428571;43.69964664;81.83639158;45.38464676;81.42857143;42.75421146;43;7.0;1272.25
20/11/2013;62.28571429;56.64575972;67.97242771;34.27321363;85.14285714;47.67119519;43;7.0;1271.5
21/11/2013;68.85714286;62.46024735;59.84436545;30.71248851;88.85714286;50.60012944;43;7.0;1248.5
22/11/2013;75.42857143;72.94611307;67.28888462;70.47599419;92.57142857;62.0566403;43;7.0;1241.75
23/11/2013;82;65.80300353;64.62292247;20.87390834;96.28571429;66.66458141;43;7.0;1241.75
24/11/2013;84.57142857;70.08215548;49.64597944;24.32074435;100;70.28549017;41;7.0;1241.75
25/11/2013;87.14285714;73.62014134;56.61927178;18.46806811;98.85714286;71.88229993;41;7.0;1231.75
26/11/2013;89.71428571;80.73763251;69.88855798;30.50317301;97.71428571;68.08934944;41;7.0;1250.75
27/11/2013;92.28571429;86.44081272;79.03785186;35.48262789;96.57142857;78.45977192;41;7.0;1250.75
28/11/2013;94.85714286;94.7729682;86.77250456;36.59296614;95.42857143;90.34444808;41;7.0;1241.75
29/11/2013;97.42857143;100.0229682;77.2177923;38.06268302;94.28571429;98.49119055;41;7.0;1245.25
30/11/2013;100;94.97879859;72.41185513;24.89899185;93.14285714;88.02373574;41;7.0;1245.25
01/12/2013;99.71428571;90.10159011;60.25939091;20.14602708;92;92.72853546;62;6.7;1245.25
02/12/2013;99.42857143;92.57597173;69.22182726;22.6849705;89.57142857;79.38398889;62;6.7;1237.5
03/12/2013;99.14285714;97.08833922;71.69612835;17.96184661;87.14285714;98.82583667;62;6.7;1219.0
04/12/2013;98.85714286;88.30918728;72.35901624;18.35578913;84.71428571;100;62;6.7;1213.0
05/12/2013;98.57142857;90.31537102;78.91680277;27.61129144;82.28571429;86.32890252;62;6.7;1234.0
06/12/2013;98.28571429;57.83922261;67.60687866;33.37991945;79.85714286;92.46867419;62;6.7;1230.75
07/12/2013;98;68.32420495;69.00038428;31.71731029;77.42857143;68.50304435;62;6.7;1230.75
08/12/2013;93.85714286;79.24116608;46.11201845;20.59321088;75;63.67589626;35;6.7;1230.75
09/12/2013;89.71428571;81.44611307;61.31568835;14.42237508;74.71428571;83.17938635;35;6.7;1228.5
10/12/2013;85.57142857;82.79681979;61.67163032;18.45636791;74.42857143;92.35504342;35;6.7;1245.75
11/12/2013;81.42857143;77.06007067;62.28552214;25.8972658;74.14285714;68.69880207;35;6.7;1255.25
12/12/2013;77.28571429;82.22084806;54.67624171;11.70299096;73.85714286;68.81893466;35;6.7;1243.5
13/12/2013;73.14285714;77.54681979;58.114132;12.30013053;73.57142857;71.11764575;35;6.7;1222.75
14/12/2013;69;73.85954064;54.40628302;12.32052537;73.28571429;84.70682068;35;6.7;1222.75
15/12/2013;69.42857143;74.19876325;49.85205111;11.98658663;73;73.9384511;41;6.7;1222.75
16/12/2013;69.85714286;62.3975265;65.97031415;18.11115834;70;67.04356125;41;6.7;1229.5
17/12/2013;70.28571429;45.08568905;66.78019022;26.92699075;67;67.78570474;41;6.7;1237.25
18/12/2013;70.71428571;54.21908127;73.60073014;36.81226439;64;59.31220754;41;6.7;1233.25
19/12/2013;71.14285714;61.88339223;64.49082525;25.92710668;61;69.09822005;41;6.7;1205.25
20/12/2013;71.57142857;54.66961131;60.04611394;21.57001657;58;65.3377747;41;6.7;1195.0
21/12/2013;72;57.88339223;52.98587761;32.59622073;55;48.94162912;41;6.7;1195.0
22/12/2013;68.28571429;56.61219081;47.34316457;16.54698113;52;51.79554011;21;6.7;1195.0
23/12/2013;64.57142857;58.84452297;50.58459026;14.27971851;52.28571429;49.84305146;21;6.7;1192.75
24/12/2013;60.85714286;59.44257951;65.0206552;13.79593134;52.57142857;52.64325961;21;6.7;1196.5
25/12/2013;57.14285714;63.5680212;57.85233932;31.2576749;52.85714286;55.45057614;21;6.7;1196.5
26/12/2013;53.42857143;66.46466431;46.83639158;9.804660329;53.14285714;64.38118744;21;6.7;1196.5
27/12/2013;49.71428571;64.87632509;55.43471995;12.37194185;53.42857143;61.353246;21;6.7;1209.25
28/12/2013;46;63.81448763;45.8612739;8.943783222;53.71428571;56.36356639;21;6.7;1209.25
29/12/2013;45.14285714;66.30477032;44.71322894;6.676949962;54;52.53358264;16;6.7;1209.25
30/12/2013;44.28571429;66.12102473;62.77836488;12.9144447;55.28571429;70.25091522;16;6.7;1201.5
31/12/2013;43.42857143;67.51501767;51.95792103;10.30218719;56.57142857;60.51019415;16;6.7;1201.5
01/01/2014;42.57142857;68.24469965;40.0403497;8.117470009;57.85714286;73.10864069;16;6.6;1201.5
02/01/2014;41.71428571;72.6934629;49.59458161;10.59050588;59.14285714;54.24359854;16;6.6;1219.75
03/01/2014;40.85714286;72.6139576;60.45921798;19.96386892;60.42857143;64.41996867;16;6.6;1232.25
04/01/2014;40;76.65989399;49.71803247;14.96423388;61.71428571;59.65347194;16;6.6;1232.25
05/01/2014;40.85714286;87.07420495;51.2479585;16.02659058;63;79.01845996;25;6.6;1232.25
06/01/2014;41.71428571;81.42667845;73.34998559;18.66525406;62.14285714;81.31111987;25;6.6;1238.0
07/01/2014;42.57142857;75.92667845;58.1957921;12.49796052;61.28571429;79.49457004;25;6.6;1237.5
08/01/2014;43.42857143;74.17137809;62.2456528;14.80086045;60.42857143;79.65275965;25;6.6;1226.5
09/01/2014;44.28571429;73.9434629;55.11096167;8.631420082;59.57142857;71.7403961;25;6.6;1226.0
10/01/2014;45.14285714;80.61925795;54.1315208;8.40321251;58.71428571;81.85107124;25;6.6;1232.25
11/01/2014;46;76.49823322;53.16072629;10.36594791;57.85714286;90.39892847;25;6.6;1232.25
12/01/2014;45.71428571;73.68551237;47.53482563;8.404715288;57;79.17406796;21;6.6;1232.25
13/01/2014;45.42857143;74.64487633;52.99932751;9.742617066;57.14285714;80.30395463;21;6.6;1246.0
14/01/2014;45.14285714;73.83215548;64.14689211;10.87174005;57.28571429;61.94102373;21;6.6;1248.75
15/01/2014;44.85714286;76.15459364;55.28244788;14.03133077;57.42857143;71.13108631;21;6.6;1238.0
16/01/2014;44.57142857;74.04681979;52.85041791;10.74185709;57.57142857;81.39574107;21;6.6;1237.25
17/01/2014;44.28571429;71.84717314;54.58353348;9.378515427;57.71428571;59.4903491;21;6.6;1241.0
18/01/2014;44;74.13339223;45.93813046;6.200676679;57.85714286;64.01468867;21;6.6;1241.0
19/01/2014;44.14285714;76.13427562;45.52886925;6.508746168;58;75.07399343;19;6.6;1241.0
20/01/2014;44.28571429;77.33215548;69.30348737;9.793711518;57.85714286;74.56856269;19;6.6;1254.75
21/01/2014;44.42857143;76.59982332;65.77481026;14.80429537;57.71428571;69.37519878;19;6.6;1247.75
22/01/2014;44.57142857;74.71996466;62.95609569;9.100501498;57.57142857;75.67510874;19;6.6;1239.5
23/01/2014;44.71428571;72.62985866;61.47324431;9.677675589;57.42857143;70.95371937;19;6.6;1244.25
24/01/2014;44.85714286;70.46908127;61.47756749;14.04968613;57.28571429;75.80522404;19;6.6;1259.25
25/01/2014;45;75.21024735;51.92525699;8.514418081;57.14285714;61.22161761;19;6.6;1259.25
26/01/2014;44.85714286;78.03710247;51.49534057;6.917716464;57;64.80262366;43;6.6;1259.25
27/01/2014;44.71428571;67.73674912;69.66663464;12.35788014;57;61.29640247;43;6.6;1270.0
28/01/2014;44.57142857;72.14664311;64.92074167;14.67087015;57;65.0968803;43;6.6;1253.5
29/01/2014;44.42857143;73.00265018;59.78768374;7.40343578;57;62.23278238;43;6.6;1254.75
30/01/2014;44.28571429;72.25;62.06840234;9.837506763;57;62.68624029;43;6.6;1254.0
31/01/2014;44.14285714;73.19699647;63.66173504;6.988132348;57;72.35654966;43;6.6;1246.5
01/02/2014;44;73.84187279;59.35152272;7.618547715;57;78.72328019;43;6.7;1246.5
02/02/2014;43.42857143;72.8975265;54.22086656;6.130904844;57;71.41324097;21;6.7;1246.5
03/02/2014;42.85714286;72.74381625;73.43068498;6.276137603;56;77.31929012;21;6.7;1246.5
04/02/2014;42.28571429;73.14399293;67.40945336;11.16703592;55;67.00258103;21;6.7;1253.0
05/02/2014;41.71428571;72.37279152;67.12604477;14.97926166;54;67.03474809;21;6.7;1257.0
06/02/2014;41.14285714;68.9319788;68.68623307;22.70461396;53;63.68617639;21;6.7;1258.5
07/02/2014;40.57142857;63.41254417;69.08348545;16.01617848;52;60.09187575;21;6.7;1260.0
08/02/2014;39;59.2164311;62.93303872;7.959785661;51;60.6097184;21;6.7;1260.0
09/02/2014;40.28571429;60.26766784;53.96003459;9.110591579;50;52.52840046;35;6.7;1260.0
10/02/2014;41.57142857;59.7844523;74.73868767;12.95738122;49.71428571;49.87487655;35;6.7;1273.5
11/02/2014;42.85714286;58.8745583;58.3384571;14.76898009;49.42857143;54.80614365;35;6.7;1282.75
12/02/2014;44.14285714;57.81183746;58.60265155;10.81066285;49.14285714;54.61369819;35;6.7;1286.5
13/02/2014;45.42857143;54.12985866;62.68133346;8.682407193;48.85714286;55.92412278;35;6.7;1290.25
14/02/2014;46.71428571;58.50883392;71.27341724;15.43267125;48.57142857;62.93698335;35;6.7;1308.5
15/02/2014;48;57.58833922;61.39398597;7.923289624;48.28571429;57.44888972;35;6.7;1308.5
16/02/2014;47;54.43551237;52.93399942;10.60714378;48;58.92206624;28;6.7;1308.5
17/02/2014;46;55.34452297;55.0610049;10.80121682;50.14285714;52.21464408;28;6.7;1326.0
18/02/2014;45;55.18727915;78.29858776;12.63557204;52.28571429;51.42914374;28;6.7;1314.0
19/02/2014;44;55.03268551;68.68431165;9.240689217;54.42857143;58.37746441;28;6.7;1318.75
20/02/2014;43;49.5680212;76.838313;10.61787791;56.57142857;48.8378214;28;6.7;1313.75
21/02/2014;42;50.54681979;79.43606494;11.88826202;58.71428571;46.62178872;28;6.7;1320.75
22/02/2014;41;52.94876325;63.66701893;8.698186362;60.85714286;48.53230092;28;6.7;1320.75
23/02/2014;46.14285714;53.74646643;68.21932943;8.661368301;63;55.86290179;100;6.7;1320.75
24/02/2014;51.28571429;48.3295053;80.32423864;17.86298529;62.28571429;48.59618638;100;6.7;1333.0
25/02/2014;56.42857143;47.21289753;100;28.55525071;61.57142857;44.03657677;100;6.7;1332.75
26/02/2014;61.57142857;51.64399293;80.18061293;14.31675125;60.85714286;51.92222336;100;6.7;1340.0
27/02/2014;66.71428571;51.35865724;78.87357095;15.96175645;60.14285714;52.1780374;100;6.7;1331.0
28/02/2014;71.85714286;48.62720848;70.04995677;13.34874754;59.42857143;53.25277107;100;6.7;1327.75
01/03/2014;77;50.05388693;72.74762225;9.232209255;58.71428571;41.47757451;100;6.7;1327.75
02/03/2014;74.42857143;49.0335689;67.03958113;7.626383629;58;40.87493165;98;6.7;1327.75
03/03/2014;71.85714286;58.69876325;89.87702949;14.4965479;56.14285714;46.41871001;98;6.7;1344.25
04/03/2014;69.28571429;59.03533569;96.74032088;20.68938867;54.28571429;46.25232943;98;6.7;1339.5
05/03/2014;66.71428571;58.76413428;86.51359401;13.64339937;52.42857143;52.47503589;98;6.7;1333.5
06/03/2014;64.14285714;58.53091873;82.40945336;13.2267005;50.57142857;52.17800946;98;6.7;1334.25
07/03/2014;61.57142857;55.59540636;74.33807282;100;48.71428571;50.84675533;98;6.7;1348.25
08/03/2014;59;54.73498233;74.16370449;49.90468094;46.85714286;52.20837129;98;6.7;1348.25
09/03/2014;55.28571429;56.48674912;74.62820636;16.43695632;45;51.26514564;29;6.7;1348.25
10/03/2014;51.57142857;55.40106007;79.20549524;57.88368069;44.14285714;50.30765186;29;6.7;1334.25
11/03/2014;47.85714286;55.97084806;73.03151119;36.03811904;43.28571429;51.30635099;29;6.7;1348.0
12/03/2014;44.14285714;55.86042403;79.47929676;32.10964268;42.42857143;52.91289078;29;6.7;1355.75
13/03/2014;40.42857143;56.34187279;79.68248631;38.84294682;41.57142857;53.23118253;29;6.7;1371.0
14/03/2014;36.71428571;55.52826855;66.87385916;23.75623653;40.71428571;43.39444372;29;6.7;1370.0
15/03/2014;33;56.20229682;61.59045057;19.98190226;39.85714286;54.53545529;29;6.7;1370.0
16/03/2014;32.28571429;55.76413428;58.60073014;6.306407845;39;49.13410975;19;6.7;1370.0
17/03/2014;31.57142857;55.08215548;67.59631088;8.205704545;39.28571429;54.49427887;19;6.7;1379.0
18/03/2014;30.85714286;54.3295053;67.49831876;9.489613657;39.57142857;44.53763728;19;6.7;1362.5
19/03/2014;30.14285714;54.03975265;62.7274474;12.89308379;39.85714286;46.21320642;19;6.7;1346.0
20/03/2014;29.42857143;52.07067138;67.74233836;14.91678904;40.14285714;48.28518533;19;6.7;1327.0
21/03/2014;28.71428571;51.54946996;74.59169949;10.76010511;40.42857143;51.45547321;19;6.7;1338.5
22/03/2014;28;49.88074205;65.99481218;8.014207693;40.71428571;48.04439645;19;6.7;1338.5
23/03/2014;28.14285714;49.93109541;63.29522529;4.1995131;41;56.95298051;20;6.7;1338.5
24/03/2014;28.28571429;49.88780919;74.73772697;8.633781591;39.14285714;55.74303555;20;6.7;1322.0
25/03/2014;28.42857143;51.12014134;69.85877606;9.526968424;37.28571429;42.94600717;20;6.7;1314.75
26/03/2014;28.57142857;51.37102473;70.35450091;8.592562537;35.42857143;45.38095528;20;6.7;1314.5
27/03/2014;28.71428571;48.04063604;76.37573254;17.25167667;33.57142857;42.57280239;20;6.7;1295.0
28/03/2014;28.85714286;44.43551237;78.50177731;18.31961512;31.71428571;45.08706271;20;6.7;1295.75
29/03/2014;29;44.17579505;60.97655875;7.924685061;29.85714286;41.85261188;20;6.7;1295.75
30/03/2014;28.28571429;41.61572438;72.12748583;10.34190346;28;32.77264621;15;6.7;1295.75
31/03/2014;27.57142857;40.46731449;65.97271592;13.09896437;29.14285714;37.60595824;15;6.7;1294.0
01/04/2014;26.85714286;42.12632509;75.42511288;13.22423165;30.28571429;42.04447716;15;6.3;1286.5
02/04/2014;26.14285714;41.25795053;73.35863195;12.89222506;31.42857143;40.33164848;15;6.3;1284.0
03/04/2014;25.42857143;38.42137809;65.9160342;16.31297713;32.57142857;45.46524761;15;6.3;1287.25
04/04/2014;24.71428571;39.28180212;69.39571525;14.00546152;33.71428571;43.90944798;15;6.3;1293.5
05/04/2014;24;40.02208481;65.08646364;12.5670883;34.85714286;39.61831152;15;6.3;1293.5
06/04/2014;23.85714286;40.68816254;78.73186665;8.03739341;36;31.9690232;13;6.3;1293.5
07/04/2014;23.71428571;40.12985866;64.54030166;8.822809594;35.57142857;32.04926186;13;6.3;1299.0
08/04/2014;23.57142857;39.94699647;71.46315688;11.57343003;35.14285714;34.73839858;13;6.3;1314.75
09/04/2014;23.42857143;39.68109541;69.59121914;9.497664254;34.71428571;31.50066069;13;6.3;1309.75
10/04/2014;23.28571429;36.06448763;79.6402152;23.96737684;34.28571429;34.44746554;13;6.3;1321.5
11/04/2014;23.14285714;35.6024735;70.51638006;21.78373307;33.85714286;31.27118256;13;6.3;1317.25
12/04/2014;23;37.52561837;59.82467096;7.276665722;33.42857143;33.29352403;13;6.3;1317.25
13/04/2014;22.85714286;36.69699647;72.05735421;5.539132339;33;39.44466526;12;6.3;1317.25
14/04/2014;22.71428571;39.3630742;70.43616101;11.03908511;32.57142857;40.41413186;12;6.3;1324.5
15/04/2014;22.57142857;43.00795053;79.93130944;13.22272887;32.14285714;46.82407267;12;6.3;1311.5
16/04/2014;22.42857143;45.53798587;68.62811029;18.08346429;31.71428571;37.38285432;12;6.3;1299.0
17/04/2014;22.28571429;44.59628975;67.73561341;14.32093756;31.28571429;42.22257006;12;6.3;1299.25
18/04/2014;22.14285714;42.88162544;59.45383802;7.897635057;30.85714286;36.69249177;12;6.3;1299.25
20/04/2014;22;44.31978799;71.69756941;6.048037372;30.42857143;39.93459109;10;6.3;1299.25
21/04/2014;21.57142857;44.12985866;59.67191853;5.038814609;30;41.63895504;10;6.3;1299.25
22/04/2014;21.14285714;43.58127208;72.46421366;14.75813862;29.28571429;43.03938018;10;6.3;1290.75
23/04/2014;20.71428571;43.16519435;64.42789893;8.987256443;28.57142857;37.25994783;10;6.3;1283.5
24/04/2014;20.28571429;43.17844523;62.35469305;12.74183992;27.85714286;41.79431487;10;6.3;1283.5
25/04/2014;19.85714286;41.23674912;75.82524738;8.103945007;27.14285714;35.43853396;10;6.3;1294.25
26/04/2014;19;40.33568905;63.3850514;13.38535092;26.42857143;36.91255389;10;6.3;1294.25
